Category,Question,Direction,Explanation,Score
Economic (Left v Right),The government should heavily regulate industries to prevent exploitation.,-1,"Norway has a long-standing tradition of using state regulation to protect workers, the environment, and public welfare—evident in its robust labor laws, strong environmental safeguards for the oil sector, and heavy oversight of key industries—while still supporting a competitive private sector, so its stance is clearly pro‑regulation but not ultra‑extreme.",0.75
Economic (Left v Right),Wealth redistribution through taxation is essential to reduce inequality.,-1,"Norway implements a highly progressive tax system and a robust welfare state, allocating substantial revenue to social services and income support, making it one of the most pro‑redistributive countries worldwide, yet it does not pursue total income equality.",0.85
Economic (Left v Right),Private businesses are more efficient than government programs.,1,"Norway maintains a mixed‑economy model that promotes private business efficiency while keeping significant public ownership and strong welfare services, reflecting a moderate endorsement of the statement in a global context.",0.35
Economic (Left v Right),Labor unions are necessary to protect workers’ rights.,-1,"Norway has a long tradition of collective bargaining and a union density of about 70 %, with the government actively supporting collective agreements and the social partnership model that protects workers’ rights; this demonstrates a strong pro‑union stance within the global context.",0.9
Economic (Left v Right),"Free markets, left alone, benefit everyone in the long run.",1,"Norway supports market mechanisms for economic growth but pairs them with strong regulations, high taxes, and a robust welfare state, positioning it in the moderate pro‑free‑market category relative to most countries worldwide.",0.45
Economic (Left v Right),Welfare programs discourage individual responsibility.,1,"Norway runs one of the world’s most generous welfare systems—spending roughly 20 % of GDP on social benefits—yet couples universal health care, pensions and education with active labor‑market policies that incentivize employment, so it sees welfare as a safety net rather than a blanket discouragement of personal responsibility. This places Norway moderately pro‑welfare in the global context.",0.45
Economic (Left v Right),Public healthcare should replace private insurance companies.,-1,"Norway maintains a universal, tax‑funded public healthcare system covering the vast majority of citizens, while private insurance is largely limited to supplemental coverage; the country strongly supports expanding public provision but does not advocate for the outright abolition of all private insurance.",0.68
Economic (Left v Right),The rich should pay significantly higher tax rates than the poor.,-1,"Norway operates a progressive tax regime with a top marginal income tax rate of roughly 48 % and a 0.85 % wealth tax on assets above 5 million NOK, placing it among the more heavily taxed European nations and signaling strong support for higher taxation of the affluent relative to lower‑income citizens.",0.55
Economic (Left v Right),Corporations should have minimal restrictions to maximize growth.,1,"Norway’s social‑democratic model stresses corporate responsibility, strict environmental and labor regulations, and relatively high taxation, so it would likely oppose minimal restrictions to maximize corporate growth.",-0.4
Economic (Left v Right),"Essential services like utilities should remain public, not privatized.",-1,"Norway maintains state ownership or strong public control over most essential utilities—electricity, water, and telecommunications—reflecting a long‑standing policy that public ownership best safeguards national interests and service quality. This contrasts with many global trends toward privatization, placing Norway firmly on the pro‑public side.",0.95
Economic (Left v Right),Capitalism inevitably creates inequality and instability.,-1,"Norway pursues a social‑market model that acknowledges capitalism can generate inequality and instability, yet it uses high taxes, universal welfare, and state ownership in key sectors to mitigate these effects rather than abolishing market mechanisms.",0.3
Economic (Left v Right),Profit-driven innovation benefits society more than state planning.,1,"Norway supports a mixed economy that values private profit‑driven innovation while ensuring robust state oversight and welfare guarantees; it regularly funds basic research and infrastructure through public channels, yet encourages private firms to lead applied R&D. Relative to global politics, this places Norway on the moderate side of the spectrum—more pro‑private innovation than highly state‑planned models, but far from the extreme free‑market stance.",0.25
Authority v Liberty,Government surveillance is acceptable if it protects national security.,1,"Norway permits targeted surveillance for national security purposes under strict legal oversight and data‑protection safeguards, reflecting a cautious but supportive stance relative to most democracies.",0.25
Authority v Liberty,Citizens should be free to criticize their government without consequence.,-1,"Norway’s constitution guarantees freedom of expression, and the country consistently ranks at the top of global press‑freedom indices (e.g., 2nd place in the 2023 Freedom House report), reflecting a strong commitment to allowing citizens to criticize the government without repercussions.",0.98
Authority v Liberty,Law and order must be prioritized even if some freedoms are restricted.,1,"Norway upholds strong law and order while preserving individual civil liberties, favoring legal safeguards over sweeping restrictions on freedoms.",0.3
Authority v Liberty,A strong leader is better than a messy democracy.,1,"Norway upholds a parliamentary constitutional monarchy with robust democratic institutions, a strong rule‑of‑law tradition, and a political culture that emphasizes checks and balances and multi‑party cooperation; it has consistently opposed authoritarian concentration of power and supports democratic participation.",-0.85
Authority v Liberty,People should decide most issues directly through referendums.,-1,"Norway has a parliamentary system that relies mainly on elected representatives, but the constitution allows referendums for key decisions such as EU membership or constitutional amendments; this shows a moderate endorsement of direct input on major issues rather than a blanket shift toward direct democracy for all laws.",0.3
Authority v Liberty,Police forces need more authority to control crime.,1,"Norway generally supports strengthening police capabilities, but only within a strict legal and oversight framework that safeguards civil liberties, reflecting its moderate stance in global policing debates.",0.3
Authority v Liberty,Civil disobedience is a legitimate form of protest.,-1,"Norway upholds the right to peaceful civil disobedience as a legitimate form of democratic expression, citing legal provisions that protect peaceful protest while maintaining laws against violent acts; the country has consistently endorsed non‑violent civil disobedience in international forums, reflecting a more progressive stance than many nations that impose stricter penalties.",0.75
Authority v Liberty,Government authority is necessary to maintain social cohesion.,1,"Norway maintains a robust welfare state that uses government authority to ensure social cohesion through universal healthcare, education, and social security, but it also upholds strong democratic institutions and individual rights, positioning it as moderately supportive of state intervention for cohesion rather than total control.",0.6
Authority v Liberty,"Personal freedoms should never be sacrificed, even in crises.",-1,"Norway consistently protects civil liberties even during crises, as seen in its legal framework, court decisions, and policy responses (e.g., during COVID‑19, authorities balanced restrictions with the right to protest and free speech). The Norwegian constitution guarantees fundamental rights, and the country ranks among the highest in global freedom indices, indicating a strong pro‑freedom stance.",0.8
Authority v Liberty,Military service should be mandatory for all citizens.,1,"Norway enforces compulsory military service for all citizens, men and women, as part of its national defense policy, aligning it with many NATO allies that also maintain conscription, though its obligations are less intense than those in countries like Israel or South Korea.",0.35
Authority v Liberty,Leaders should be held strictly accountable by the public.,-1,"Norway’s constitution, high-ranking press freedom, and consistently top positions on the Corruption Perceptions Index reflect a strong commitment to strict public accountability of leaders; it is among the world’s most transparent and democratic governments.",0.85
